"Timestamp","What is your association status at IIASA?","What is your gender?","How long have you lived in Austria?","Do you have dependents living with you in Austria?","How long have you lived separately from your families due to your IIASA employment? ","What is the main reason for you to live separately from your families? (Select all that apply)","If you want to provide more details about the reason, please do so.","Do you foresee that they join you in Austria in the near future?","How long have you lived in Austria WITH your children?","How many children do you have and how old are they? (If you have none, leave them blank.) [Child 1]","How many children do you have and how old are they? (If you have none, leave them blank.) [child 2]","How many children do you have and how old are they? (If you have none, leave them blank.) [Child 3]","How many children do you have and how old are they? (If you have none, leave them blank.) [Child 4]","How many children do you have and how old are they? (If you have none, leave them blank.) [Child 5]","Do any of your children stay involuntarily at home (i.e. not attending kindergarten or school)? If so, why?","Are you aware that in accordance with Austrian labor law you can have extra leave, separate from normal annual leave, for nursing your family members (when certain conditions are met)?","Who do you rely on when you need information about childcare (e.g. insurance, schools/kindergartens, financial support, pediatricians, etc.)? [IIASA HR]","Who do you rely on when you need information about childcare (e.g. insurance, schools/kindergartens, financial support, pediatricians, etc.)? [Other IIASA families]","Who do you rely on when you need information about childcare (e.g. insurance, schools/kindergartens, financial support, pediatricians, etc.)? [Other non-IIASA friends]","Who do you rely on when you need information about childcare (e.g. insurance, schools/kindergartens, financial support, pediatricians, etc.)? [Local government]","Who do you rely on when you need information about childcare (e.g. insurance, schools/kindergartens, financial support, pediatricians, etc.)? [Internet]","How much do you think you are paying for childcare per month per child? (e.g. babysitting, tuition, other activities, etc.)","Are you receiving family allowance (""familienbeihilfe"") for all of your eligible children at the moment?","If you are not receiving it, can you tell us the reason?","If you are from the EU, how difficult was the application process for familienbeihilfe?","Are all children covered by health insurance?","If they are not, can you tell us the reason?","Do they all have pediatricians to go to?","If they don't, can you tell us the reason?","Are you covered by the private (Cigna) or the Austrian scheme?","Please leave any notes if you have any concerns or issues about medical care or insurances in Austria.","Are you or your partner from Austria?","Are you or your partner from other EU countries?","Are you or your partner able to communicate in German?","Are you or your partner learning German now?","If no adult in your family is learning German, what are the main reasons? (Select all that apply)","What are the main challenges you experience when you don't communicate well in German in Austria?","Does your family have a social circle who you can easily get together with or rely on when something happens?","Who mainly are in your social circles? (Select all)","If you are finding it difficult to socialize, can you explain what your main challenge is?","Does your partner currently work?","How long did it take for your partner to find a job since starting to search?","Is your partner working in the field related to his/her original career/qualifications?","Is your partner looking for a job now?","If the partner is not looking, was it a voluntary decision?","What are/were the barriers for your partner's career development in Austria? (Select all that apply)","If you want to provide more details about the job search or business experiences, please do so.","How would you assess each of the challenges? [Socializing]","How would you assess each of the challenges? [Financial]","How would you assess each of the challenges? [Partner's job/career]","How would you assess each of the challenges? [Childcare (incl. Education)]","How helpful do you think it would be to officially introduce the measures below for the benefit of families? [Flextime]","How helpful do you think it would be to officially introduce the measures below for the benefit of families? [Telecommuting (work from home)]","Many Austrian organisations jointly run ""Dual Career Service"" to facilitate ""the networking of member organisations from the research and scientific domain [...] to improve the support for dual career couples."" (See for example, http://www.dualcareer.ac.at or http://dcss.wwtf.at) How helpful do you think it would be for IIASA to join such network?  [Dual Career Service]","Would you recommend other specific measures or services to implement to increase family well-being?","We would like to welcome any other suggestions on the topic of 'family well-being at IIASA.' (e.g. how to improve the situation, any other difficulties, how to set up information channels, etc.)"
"2017/11/06 10:33:09 AM GMT+1","Employee","Male","1-3 years","Yes, with children.","","","","","","0-2","","","","","No","No","From time to time","Most of the time","From time to time","Never","Most of the time","EUR 0-200","No","Application is still processing.","3","Yes","","Yes","","Cigna","","No","Yes, myself","No","No","Lack of time","","2","Extended family (grandparents and other relatives);IIASA colleagues or their families;People living in the same neighborhood","","No","","","No","Yes","Language;Lack of network (people or other resources);Too small job market","","A minor problem.","We don't have this problem.","A minor problem.","A minor problem.","Useless","Better to have","Better to have","It would be useful if the German language tutoring assistance would be applicable to children of pre-school ages. Foreign language lessons are most effective at a younger age, and I expect that parents would like their children to be prepared to speak German before they go to school, not only after they have already started. Conversely, if the child's German is good enough for him/her to go to a public school, then he/she probably doesn't need tutoring.",""
"2017/11/06 10:49:20 AM GMT+1","Employee","Male","1-3 years","Yes, I cohabit with a partner or other family members.","","","","","","","","","","","","","","","","","","","","","","","","","","Cigna","Very poor infomration provided by HR on which health insurance to choose","No","Yes, both","No","Yes","","Unable to complain and seek out better options","4","IIASA colleagues or their families;We hardly know anyone.","People are obsessed with Vienna and if you dont live in vienna you dont get invited to social events that aren't IIASA events","Yes, paid full-time","Less than 6 months","somewhat","","","Language;Lack of network (people or other resources);Too small job market","","A minor problem.","A minor problem.","A minor problem.","We don't have this problem.","Better to have","Better not to have","Better to have","I think a maximum of 2 days per month working from home. I have no sympathy for people who complain there is no working from home and that Laxenburg is far from Vienna. These were clearly the conditions when initial contract was signed. If we have working from home and too much flextime, people will never come to work. It's obvious. If I need to meet someone and they are working from home, its going to affect my work, whilst they sit at home drinking their latte in their pyjamas",""
"2017/11/06 11:06:34 AM GMT+1","Employee","Female","More than 10 years","Yes, I cohabit with a partner or other family members.","","","","","","","","","","","","","","","","","","","","","","","","","","Austrian","","Yes, my partner","","","","","","3","People from the same country or similar region;People living in the same neighborhood","","Yes, paid full-time","Less than 6 months","Yes","","","Too small job market","","Somewhat problematic.","Serious.","Somewhat problematic.","We don't have this problem.","Extremely helpful","Extremely helpful","Extremely helpful","",""
"2017/11/06 11:39:58 AM GMT+1","Employee","Male","5-10 years","Yes, with children.","","","","","","7-12","3-6","3-6","","","","Yes","Never","Rarely","From time to time","Most of the time","From time to time","EUR 400-600","Yes","","2","Yes","","Yes","","Cigna","","No","Yes, both","Yes, both","","","","1","Families of my children's school/kindergarten friends;People living in the same neighborhood","","Yes, paid part-time","Less than 6 months","Yes","","","No barriers","","We don't have this problem.","Somewhat problematic.","We don't have this problem.","We don't have this problem.","Extremely helpful","Extremely helpful","Extremely helpful","I thought Austrian's salaries increase per child, not IIASA's!? Should IIASA follow this rule, if this rule must be followed?","It is extremely hard to get the right information even if you call the Austrian administration. 2 persons can tell you different thing when you call them. I would suggest IIASA/HR/STAC get in touch with some officials from the Austrian administration (e.g., NOEKK) and set up a kind road book for IIASA families!"
"2017/11/06 3:18:14 PM GMT+1","Employee","Male","1-3 years","I have dependents, but all of them live elsewhere.","Less than a year","Children's education;Not worth the effort because of the short contract","","Yes","","","","","","","","","","","","","","","","","","","","","","","","","","","","","","","","","","","","","","","","","","","","Better not to have","Better not to have","Better to have","",""
"2017/11/06 5:34:36 PM GMT+1","Employee","Female","3-5 years","Yes, I cohabit with a partner or other family members.","","","","","","","","","","","","","","","","","","","","","","","","","","Cigna","It is very difficult to understand the coverage of the insurance systems available when you have just moved to Austria. Choosing to not join the Austrian social security excludes you from many additional insurances, the need of which is difficult to foresee. ","No","Yes, both","No","Yes","Lack of time","It is very difficult to meet people, and when you don't know locals, it is even more difficult to learn German. We can manage basic things, but especially everything to do with authorities is very difficult, to the extent that if I do not ask a German-speaking colleague at work to call a certain office, I get no answer at all (have been hung up several times).","3","IIASA colleagues or their families;People living in the same neighborhood","","Yes, paid part-time","6 months -  2 years","Not original qualifications, but he has studied a new profession since then","","","Language;Lack of network (people or other resources)","","A minor problem.","We don't have this problem.","We don't have this problem.","","Better to have","Extremely helpful","Better to have","Vienna and surrounding towns offer many activities and support to foreigners and/or other activities and hobby possibilities. It is very difficult to find information about these, especially as much is in German. Some kind of info packages/collection of links on IIASA pages would be helpful to get started. I think also that the various IIASA parties are a nice way to feel welcome in Austria - the family well-being aspect of these should not be neglected! ",""
"2017/11/07 3:37:23 PM GMT+1","Employee","Male","1-3 years","Yes, with children.","","","","","1-3 years","3-6","","","","","","Yes","Rarely","From time to time","From time to time","Never","Most of the time","EUR 400-600","Yes","","3","Yes","","Yes","","Cigna","Even with the doctor search tools, it is still not easy to find decent doctors who we can communicate well with. And if someone has an injury or sickness requiring regular checkups or physio-therapies, 20% of co-payments easily stack up and become a significant portion of family budget, which is financially challenging for IIASA salary.","No","No","No","No","Lack of time;Finance;No incentives (e.g. short fixed-term contract, uncertainty in contract renewal, etc);Don't know how long I can stay here","Almost everything like doctors, internet company, car management (mechanics, insurances, etc.), housing contract. And this kind of miscommunication frequently leads to additional costs (literally, money) for penalties, scams, overcharging, etc.","4","Families of my children's school/kindergarten friends;People from the same country or similar region;People living in the same neighborhood","Language and lack of time due to childcare","No","","","Yes","","Language;Lack of network (people or other resources);Too small job market","In my wife's area, industry jobs mostly require German skill. And not knowing anyone in the area is a major obstacle too. It feels like a decision of either giving up her original background and doing whatever available or waiting longer and hoping to find something. Quite frustrating.","Somewhat problematic.","Serious.","Extremely serious. I can consider leaving because of this.","A minor problem.","Don't care","Don't care","Extremely helpful","Base salary based on existence of dependents like other international organizations. And I think having a 'buddy family' system back (I heard it once existed) is good (matching a newcoming family with a similarly structured family to share practical information between the two). This can inform newcoming families of common challenges here as a family.","After spending about a year, I was feeling that working here is not really sustainable especially for non-EU families. Far from other families, not enough salary (unless the spouse is working), short contracts, quite poor communicability in English in the society, etc. I still don't exactly know how to improve it from the employer's side. But at least I think employers and HR should be aware of these difficulties and should not say they are ""already doing a good job"" in supporting international families. The dual career service sounds like one of the first things that IIASA must have."
"2017/11/07 4:58:36 PM GMT+1","Employee","Female","1-3 years","I am single.","","","","","","","","","","","","","","","","","","","","","","","","","","","","","","","","","","","","","","","","","","","","","","","","Better to have","Better to have","Don't care","",""
"2017/11/07 5:00:03 PM GMT+1","Employee","Male","More than 10 years","I am single.","","","","","","","","","","","","","","","","","","","","","","","","","","","","","","","","","","","","","","","","","","","","","","","","Better to have","Better to have","Don't care","",""
"2017/11/07 5:00:46 PM GMT+1","Employee","Female","3-5 years","Yes, I cohabit with a partner or other family members.","","","","","","","","","","","","","","","","","","","","","","","","","","Cigna","","Yes, my partner","","","","","","3","","","Yes, paid full-time","","Yes","","","","","A minor problem.","We don't have this problem.","We don't have this problem.","Extremely serious. I can consider leaving because of this.","Extremely helpful","Extremely helpful","Better to have","",""
"2017/11/07 5:02:25 PM GMT+1","Employee","Male","More than 10 years","Yes, I cohabit with a partner or other family members.","","","","","","","","","","","","","","","","","","","","","","","","","","Austrian","","Yes, my partner","","","","","","1","People from the same country or similar region;People living in the same neighborhood","","Yes, paid full-time","Less than 6 months","Yes","","","No barriers","","Somewhat problematic.","Serious.","Somewhat problematic.","","Extremely helpful","Extremely helpful","Better to have","",""
"2017/11/07 5:02:45 PM GMT+1","Employee","Female","1-3 years","Yes, I cohabit with a partner or other family members.","","","","","","","","","","","","","","","","","","","","","","","","","","Cigna","","No","Yes, both","Yes, both","","","","2","IIASA colleagues or their families;People living in the same neighborhood","","Yes, self-employed - formal business","","","","","Language;Lack of network (people or other resources);Cultural differences;Too small job market","","A minor problem.","A minor problem.","Extremely serious. I can consider leaving because of this.","We don't have this problem.","","Better to have","Extremely helpful","",""
"2017/11/07 5:03:10 PM GMT+1","Employee","Female","1-3 years","I am single.","","","","","","","","","","","","","","","","","","","","","","","","","","","","","","","","","","","","","","","","","","","","","","","","Extremely helpful","Extremely helpful","Better to have","Day-care service in the institute: mini kindergarten in IIASA, where parents can leave their children during the working day",""
"2017/11/07 5:03:16 PM GMT+1","Employee","Female","3-5 years","I am single.","","","","","","","","","","","","","","","","","","","","","","","","","","","","","","","","","","","","","","","","","","","","","","","","Extremely helpful","Extremely helpful","Extremely helpful","",""
"2017/11/07 5:03:30 PM GMT+1","Employee","Female","More than 10 years","Yes, with children.","","","","","More than 10 years","Over 18","Over 18","Over 18","Over 18","","No","Yes","Rarely","From time to time","Most of the time","Most of the time","Most of the time","EUR 600-1000","Yes","","2","Yes","","Yes","","Austrian","","Yes, my partner","","","","","","1","Extended family (grandparents and other relatives);Families of my children's school/kindergarten friends;People living in the same neighborhood","","Yes, self-employed - formal business","","","","","","","A minor problem.","A minor problem.","We don't have this problem.","We don't have this problem.","Extremely helpful","Extremely helpful","","",""
"2017/11/07 5:03:49 PM GMT+1","Employee","Female","More than 10 years","Yes, I cohabit with a partner or other family members.","","","","","","","","","","","","","","","","","","","","","","","","","","Austrian","","Yes, both","","","","","","1","Extended family (grandparents and other relatives);IIASA colleagues or their families;People from the same country or similar region","","Yes, paid full-time","Less than 6 months","Yes","","","Too small job market","","A minor problem.","A minor problem.","Serious.","We don't have this problem.","Better not to have","Better to have","Better to have","",""
"2017/11/07 5:04:14 PM GMT+1","Employee","Female","More than 10 years","Yes, with children.","","","","","More than 10 years","13-17","13-17","","","","no","Yes, but I am not aware of some conditions","Rarely","Never","Most of the time","From time to time","Most of the time","EUR 200-400","Yes","","","Yes","","Yes","","Austrian","","No","No","Yes, myself","No","","","1","IIASA colleagues or their families","","Yes, paid full-time","","","","","","","A minor problem.","A minor problem.","","A minor problem.","Extremely helpful","Extremely helpful","Better to have","",""
"2017/11/07 5:04:16 PM GMT+1","Employee","Male","More than 10 years","Yes, with children.","","","","","","7-12","3-6","0-2","","","no","Yes","","","","","","over EUR 1000","Yes","","2","Yes","","Yes","","Austrian","","Yes, myself","","","","","","3","Extended family (grandparents and other relatives)","","No","","","Yes","","Language;Cultural differences","","A minor problem.","Somewhat problematic.","Serious.","Somewhat problematic.","Better to have","Better to have","Don't care","",""
"2017/11/07 5:04:16 PM GMT+1","Employee","Male","More than 10 years","I am single.","","","","","","","","","","","","","","","","","","","","","","","","","","","","","","","","","","","","","","","","","","","","","","","","Extremely helpful","Extremely helpful","Extremely helpful","",""
"2017/11/07 5:04:37 PM GMT+1","Employee","Female","5-10 years","Yes, with children.","","","","","","3-6","","","","","no","No","Never","Rarely","From time to time","Never","Rarely","EUR 600-1000","Yes","","","Yes","","Yes","","Austrian","","No","Yes, my partner","Yes, my partner","No","Lack of time","","4","Families of my children's school/kindergarten friends","Cultural differences ","Yes, paid full-time","","Yes","","","","","Serious.","A minor problem.","A minor problem.","A minor problem.","Extremely helpful","Extremely helpful","Better to have","",""
"2017/11/07 5:05:37 PM GMT+1","Employee","Female","3-5 years","Yes, I cohabit with a partner or other family members.","","","","","","","","","","","","","","","","","","","","","","","","","","Cigna","Women pay more for the same health insurance. This is gender discrimination. Birth control is also not covered. ","Yes, my partner","","","","","","1","Extended family (grandparents and other relatives);IIASA colleagues or their families","","Yes, paid part-time","NA","Yes","","","No barriers","","We don't have this problem.","Somewhat problematic.","We don't have this problem.","We don't have this problem.","Better to have","Better to have","Better to have","","Provide better onboarding for newcomers to explain a bit how things work in Austria (renting a flat, etc) "
"2017/11/07 5:05:54 PM GMT+1","Employee","Female","Less than a year","I have dependents, but all of them live elsewhere.","Less than a year","Financial reason","","No","","","","","","","","","","","","","","","","","","","","","","","","","","","","","","","","","","","","","","","","","","","","Extremely helpful","Extremely helpful","Extremely helpful","",""
"2017/11/07 5:07:14 PM GMT+1","Employee","Male","1-3 years","Yes, with children.","","","","","1-3 years","3-6","0-2","","","","no","No","Rarely","Rarely","From time to time","Rarely","Most of the time","EUR 600-1000","Yes","","5","Yes","","Yes","","Cigna","","No","Yes, both","Yes, both","","","","4","Families of my children's school/kindergarten friends","","No","","","Yes","","Lack of network (people or other resources)","","Somewhat problematic.","Serious.","Somewhat problematic.","Somewhat problematic.","Better to have","Extremely helpful","Better to have","",""
"2017/11/07 5:08:15 PM GMT+1","Employee","Male","3-5 years","I am single.","","","","","","","","","","","","","","","","","","","","","","","","","","","","","","","","","","","","","","","","","","","","","","","","Better to have","Better to have","Better to have","","Organize some kind of meetings explicitly for single/lonely employees where they will be able to connect to other singles and know each other better. Dedicated work and development of professional skills (and making science is all about it) leaves especially a non-local person hardly a chance to settle a relationship. And prolonged loneliness in a foreign environment often leads to a depression which in turn hinders one's professional capabilities...Or maybe Sergio Rinaldi knows better ;) "
"2017/11/07 5:08:27 PM GMT+1","Employee","Female","More than 10 years","Yes, with children.","","","","","","13-17","Over 18","Over 18","","","No","Yes","Rarely","From time to time","Most of the time","From time to time","Most of the time","EUR 600-1000","Yes","","1","Yes","","No","They are too old now. They go to regular doctors but they used to go to pediatricians in Austria when they were younger","Austrian","","No","Yes, myself","Yes, myself","No","We do speak German already and my children as well","","1","IIASA colleagues or their families;Families of my children's school/kindergarten friends;People from the same country or similar region","","I am divorced","Not relevant","NR","","","NR","","A minor problem.","A minor problem.","","We don't have this problem.","Extremely helpful","Extremely helpful","Better to have","The possibility to have a longer time horizon at IIASA with extended contract time.",""
"2017/11/07 5:08:28 PM GMT+1","Employee","Male","5-10 years","I am single.","","","","","","","","","","","","","","","","","","","","","","","","","","","","","","","","","","","","","","","","","","","","","","","","Better to have","Extremely helpful","Better to have","",""
"2017/11/07 5:08:32 PM GMT+1","Employee","Male","1-3 years","I have dependents, but all of them live elsewhere.","1-3 years","Partner's career/job;Children's education","","No","","","","","","","","","","","","","","","","","","","","","","","","","","","","","","","","","","","","","","","","","","","","Extremely helpful","Extremely helpful","Better to have","",""
"2017/11/07 5:09:19 PM GMT+1","Employee","Male","More than 10 years","Yes, with children.","","","","","Less than a year","0-2","","","","","","Yes","Never","From time to time","From time to time","Most of the time","Most of the time","EUR 200-400","Yes","","1","Yes","","Yes","","Austrian","","Yes, myself","","","","","","1","Extended family (grandparents and other relatives);Families of my children's school/kindergarten friends","","Yes, paid full-time","Less than 6 months","Yes","","","Language;Lack of work permit;Too small job market","","We don't have this problem.","We don't have this problem.","We don't have this problem.","We don't have this problem.","Extremely helpful","Extremely helpful","Extremely helpful","",""
"2017/11/07 5:09:39 PM GMT+1","Employee","Male","5-10 years","Yes, with children.","","","","","","3-6","","","","","","No","","","Most of the time","","","EUR 400-600","Yes","","","Yes","","Yes","","Cigna","80 percent coverage still leaves considerable personal costs for health.","No","No","Yes, both","","","","2","Families of my children's school/kindergarten friends;People living in the same neighborhood","Were it not for my child's school friends' families, we would have no social outlet. We don't have a social circle at IIASA.","Yes, self-employed - informal business","","","","","Language;Lack of network (people or other resources)","","Somewhat problematic.","Somewhat problematic.","Somewhat problematic.","We don't have this problem.","Better to have","Better not to have","Better to have","",""
"2017/11/07 5:13:30 PM GMT+1","Employee","Female","More than 10 years","Yes, I cohabit with a partner or other family members.","","","","","","","","","","","","","","","","","","","","","","","","","","Austrian","","Yes, my partner","","","","","","1","Extended family (grandparents and other relatives)","","Yes, paid full-time","","Yes","","","","","We don't have this problem.","We don't have this problem.","We don't have this problem.","","Useless","Useless","","",""
"2017/11/07 5:14:52 PM GMT+1","Employee","Male","5-10 years","Yes, I cohabit with a partner or other family members.","","","","","","","","","","","","","","","","","","","","","","","","","","Austrian","I find the coverage for eye care insufficient and would be happy if IIASA could negotiate a complementary health insurance coverage","No","Yes, myself","Yes, myself","No","Lack of time","everything takes much longer than if I was speaking German, and sometimes do not happen or are paid at unnecessarily high cost. For example, for some insurances (e.g., house insurance, credit card insurance) we are basically left with the choice of not having anything or pay for a product w are not able to evaluate (English descriptions of contracts are not always available, and the German translation needs a professional).","3","IIASA colleagues or their families;People from the same country or similar region","First above all, lack of time (for activities & learning language). Second (and related too), language barrier (makes everything much slower). Third, lack of connection to neighbors (we don't have a lot in common with neighbors, unless we leave close to other expatriates).","Yes, paid full-time","came to Austria for work","Yes","","","(before we were partners) was working in different countries before being able to join Austria","","Somewhat problematic.","A minor problem.","We don't have this problem.","We don't have this problem.","Better to have","Extremely helpful","Better to have","Make overtime the exception rather than the norm (right now it is the way around)",""
"2017/11/07 5:15:12 PM GMT+1","Employee","Male","Less than a year","I am single.","","","","","","","","","","","","","","","","","","","","","","","","","","","","","","","","","","","","","","","","","","","","","","","","Extremely helpful","Extremely helpful","Better to have","",""
"2017/11/07 5:17:08 PM GMT+1","Employee","Male","More than 10 years","I am single.","","","","","","","","","","","","","","","","","","","","","","","","","","","","","","","","","","","","","","","","","","","","","","","","Extremely helpful","Extremely helpful","Better to have","",""
"2017/11/07 5:18:14 PM GMT+1","Employee","Male","More than 10 years","Yes, with children.","","","","","More than 10 years","Over 18","","","","","No","Yes","","","","","","","Yes","","","Yes","","Yes","","Austrian","","Yes, both","","","","","","1","Extended family (grandparents and other relatives)","","No","","","No","Yes","","","A minor problem.","We don't have this problem.","We don't have this problem.","A minor problem.","Extremely helpful","Extremely helpful","Better to have","",""
"2017/11/07 5:22:12 PM GMT+1","Employee","Female","More than 10 years","Yes, with children.","","","","","","Over 18","","","","","","Yes","Never","","Most of the time","From time to time","Most of the time","EUR 600-1000","Yes","","","Yes","","No","","Austrian","","Yes, my partner","","","","","","3","We hardly know anyone.","","Yes, paid full-time","Less than 6 months","Yes","","","","","Somewhat problematic.","Serious.","","Serious.","Don't care","Don't care","Better to have","",""
"2017/11/07 5:24:00 PM GMT+1","Employee","Male","5-10 years","I am single.","","","","","","","","","","","","","","","","","","","","","","","","","","","","","","","","","","","","","","","","","","","","","","","","Better to have","Better to have","Better to have","",""
"2017/11/07 5:31:37 PM GMT+1","Employee","Female","Less than a year","I have dependents, but all of them live elsewhere.","separate cities, not countries","Partner's career/job;Children's education","un-Affordable international school fee in Vienna","we are only separated by cities","","","","","","","","","","","","","","","","","","","","","","","","","","","","","","","","","","","","","","","","","","","","Extremely helpful","Extremely helpful","Extremely helpful","family group discussion on adaptation to Austria",""
"2017/11/07 5:31:40 PM GMT+1","Employee","Male","5-10 years","Yes, I cohabit with a partner or other family members.","","","","","","","","","","","","","","","","","","","","","","","","","","Cigna","","No","Yes, myself","Yes, my partner","No","Lack of time","Understanding contracts","4","IIASA colleagues or their families","","No","","","Yes","","Language;Lack of network (people or other resources);Cultural differences;Too small job market","","A minor problem.","Somewhat problematic.","Extremely serious. I can consider leaving because of this.","We don't have this problem.","Extremely helpful","Extremely helpful","Don't care","",""
"2017/11/07 5:43:13 PM GMT+1","Employee","Female","1-3 years","I am single.","","","","","","","","","","","","","","","","","","","","","","","","","","","","","","","","","","","","","","","","","","","","","","","","Extremely helpful","Better to have","Better to have","",""
"2017/11/07 5:49:46 PM GMT+1","Employee","Female","5-10 years","Yes, with children.","","","","","","3-6","7-12","","","","none","Yes","Never","Rarely","Most of the time","From time to time","Most of the time","EUR 200-400","Yes","","1","Yes","","Yes","","Cigna","It would be of extreme importance to understand why is it not possible to change to the public social insurance. I did not plan to stay in Austria, thus chose the private option, but now my realities have changed and I would like to switch. IIASA offers no help nor assistance when it comes to the question","No","Yes, both","Yes, both","","","","4","Extended family (grandparents and other relatives);Families of my children's school/kindergarten friends;People from the same country or similar region;People living in the same neighborhood","","Yes, paid full-time","Less than 6 months","Yes","","","No barriers","","A minor problem.","Somewhat problematic.","We don't have this problem.","A minor problem.","Extremely helpful","Extremely helpful","Extremely helpful","Holiday periods, when school and Kindergardens are closed, are very problematic. Could STAC/IIASA organise holiday camps in the summer with external staff caring for the kids? For instance ""kids science week"" or a ""tennis and sports camp"" for kids of IIASA employees (at least school age kids).  Schlosspark, swimming places and tennis court offers great oportunities for such programme and it would bring IIASA kids together. ","Working culture at IIASA is stil, to a large extent, enhancing old-fashioned stereotypes, expecting mothers automatically to be working part-time, admin positions are filled with women, lead positions are filled with male candidates. Working on full-time basis is still considered to equal with ""sitting in the office until 18"".  Women, whose partners are working full time, are found to be on part-time basis without a question. Countering such stereotypes requires attention, but also clear actions. It is not fully recognised that part-timers (mostly women with small kids) use their working hours extremely efficiently, while at the same time get only paid for the part-time share. Often the workload is not adjusted, so compensation is done by working from home, during holidays, reply emails during ""off hours etc. Efficiency, keeping within deadlines, low numbers of sick-leave and bringing results should be part of the salary considerations, not just the hours spent in the office. Also part-timers should have the same opportunity for salary adjustments as everyone else and should be fully appreciated for their share of work. Introducing a technical devise (electronic keys) would be simple and easy for tracking working hours, and would allow employees flexibility with  of plus/minus hours."
"2017/11/07 6:00:40 PM GMT+1","Employee","Male","More than 10 years","Yes, with children.","","","","","","13-17","","","","","","No","From time to time","From time to time","From time to time","Never","From time to time","","Yes","","3","Yes","","Yes","","Austrian","","No","Yes, both","Yes, both","","","","2","Extended family (grandparents and other relatives);Families of my children's school/kindergarten friends","","Yes, paid full-time","Less than 6 months","Yes","","","Lack of network (people or other resources)","","Somewhat problematic.","A minor problem.","We don't have this problem.","A minor problem.","Better to have","Better to have","Better to have","","HR at the first place should provide clear, transparent, reliable info for newcomers with families and kids."
"2017/11/07 6:05:21 PM GMT+1","Employee","Male","1-3 years","Yes, I cohabit with a partner or other family members.","","","","","","","","","","","","","","","","","","","","","","","","","","Cigna","","No","No","No","No","Lack of time;No incentives (e.g. short fixed-term contract, uncertainty in contract renewal, etc)","Finding an appartment.","3","IIASA colleagues or their families","","No","","","No","No","Language;Lack of work permit","","A minor problem.","A minor problem.","Serious.","We don't have this problem.","Don't care","Don't care","Don't care","",""
"2017/11/07 6:08:22 PM GMT+1","Employee","Male","More than 10 years","Yes, with children.","","","","","More than 10 years","13-17","7-12","","","","No.","No","Rarely","Rarely","Most of the time","Rarely","From time to time","EUR 400-600","Yes","","1","Yes","","Yes","","Combination of both","","No","Yes, both","Yes, both","","","","1","IIASA colleagues or their families;Families of my children's school/kindergarten friends;People from the same country or similar region;People living in the same neighborhood","","No","","","She is studying","My partner recently lost her job and decided she wanted to become a photographer. She is currently doing a course with the view to setting up her own photography business.","Language;Cultural differences;Too small job market","","We don't have this problem.","A minor problem.","Somewhat problematic.","A minor problem.","Extremely helpful","Extremely helpful","Extremely helpful","","Over the last few years, I have seen very positive developments in terms of child-friendly policies at IIASA (e.g. paternity leave, equity in terms of Familienbeihilfe, more information for families etc). This is in stark contrast to when I joined IIASA in 2005 with a two year old and pregnant wife (e.g. no paternity leave, no info on Familienbeihilfe - I actually discovered 3 years later that we were eligible for this). Many of these improvements have focused on young children, and I think this is great. However, I would like you to consider some improvements for families with older children in the interest of equity between families. My suggestion would be to extend the education grant to cover university education (many international organizations do this). Recently more and more universities are charging tuition fees and this is likely to increase. Further when IIASA's education grant policy was set, very few universities charged fees. I would certainly consider changing employer for one that contributes to uni fees when my children become 18. "
"2017/11/07 6:53:42 PM GMT+1","Employee","Female","","Yes, with children.","","","","","","13-17","","","","","","No","Never","Rarely","Rarely","","","","No","I am a foregner and I thought that I am not eligible for family allowance ","","Yes","","No","We did not use pediatrician, but have family doctor. ","Cigna","I would like to change to austrian scheme but was told that it is not possible since I have been from the begining subscribed to Cigna.  ","No","No","Yes, myself","No","I am not learning German since I have sufficient basic level for communication","","2","IIASA colleagues or their families;Families of my children's school/kindergarten friends","No I do not find it difficult to socialize","no partner","no partner","x","","","x","","We don't have this problem.","A minor problem.","","We don't have this problem.","Better to have","","","","One idea was to organize family club at IIASA and to have someone who would explain newcommers some rules regarding benefits, school, kindergarden and childcare in Austria. This can be done even by compiling a family package (introductory guide for visitors and scientist  who start to work at IIASA and come with their families). Even having emails of colleagues with families at IIASA would be helpful to contact for basic questions the colleagues who have been for sometime working in Austria and know basic setup and rules.  "
"2017/11/07 7:56:56 PM GMT+1","Employee","Male","1-3 years","Yes, with children.","","","","","1-3 years","3-6","0-2","","","","","No","","From time to time","","","Most of the time","EUR 0-200","Yes","","3","Yes","","Yes","","Combination of both","","No","Yes, both","Yes, both","","","","2","IIASA colleagues or their families;Families of my children's school/kindergarten friends","","Yes, paid part-time","Less than 6 months","Yes","","","No barriers","","We don't have this problem.","We don't have this problem.","We don't have this problem.","We don't have this problem.","Extremely helpful","Extremely helpful","Better to have","","At the moment there are still differences in treatment regarding family benefits between non-European and European staff, who are both in the private system as the latter have to rely on lower benefits offered to 'Europeans' by the Austrian government, while the latter are fully and automatically compensated directly by IIASA. IIASA should have one policy that applies to all staff equally."
"2017/11/07 7:57:02 PM GMT+1","Employee","Male","5-10 years","Yes, I cohabit with a partner or other family members.","","","","","","","","","","","","","","","","","","","","","","","","","","Cigna","","No","No","No","Yes","No incentives (e.g. short fixed-term contract, uncertainty in contract renewal, etc)","","4","IIASA colleagues or their families","language","No","","","would like to, but no permission","No","Language;Lack of work permit","","A minor problem.","Somewhat problematic.","Serious.","A minor problem.","Better not to have","Better not to have","Don't care","give preference to get job at IIASA for non-EU family members",""
"2017/11/07 8:38:34 PM GMT+1","Employee","Male","1-3 years","Yes, with children.","","","","","1-3 years","0-2","","","","","No","No, iiasa employees (non Austrian) are exempt from this) ","Never","From time to time","From time to time","Rarely","From time to time","EUR 400-600","Yes","","3","Yes","","Yes","","Austrian","Other international organisations offer a supplementary private health insurance (cigna) for those in the public system. This would be really wonderful for families. ","No","Yes, my partner","Yes, both","","","","4","IIASA colleagues or their families;Partners colleagues ","Lack of opportunities to meet people ","Full time consultant ","Hired as consultant after one year internship ","Yes","","","","","Somewhat problematic.","A minor problem.","We don't have this problem.","We don't have this problem.","Extremely helpful","Extremely helpful","Extremely helpful","The absolute number one priority in my opinion should be an official maternity leave policy. Additionally longer contracts (3yrs min) are needed for families to relocate. The current one year contract policy makes IIASA less attractive as an employer. Furthermore, the following would be nice: paternity leave policy, nursing schedules for new mothers, lactation room at iiasa.","The current ad hoc allocation of paternity leave by HR is very stressful for employees. Clarity is needed. Also it is very important to provide correct information upon hiring,as this is when the insurance scheme is selected. If the maternity /paternity leave depends on the insurance scheme, this should be explicitly stated upon hiring. "
"2017/11/07 9:42:17 PM GMT+1","Employee","Female","Less than a year","Yes, I cohabit with a partner or other family members.","","","","","","","","","","","","","","","","","","","","","","","","","","Austrian","","No","No","No","Yes","Lack of time;No incentives (e.g. short fixed-term contract, uncertainty in contract renewal, etc)","It may be a challenge to find a English speaking medical doctor. We have also some problem when we want to hire somebody to fix basic things in our house (electrician, plumber etc)","2","IIASA colleagues or their families","Lack of time and language skills ","Yes, paid full-time","Less than 6 months","No","","","Language;Lack of network (people or other resources);Too small job market","","We don't have this problem.","A minor problem.","A minor problem.","We don't have this problem.","Extremely helpful","Extremely helpful","Extremely helpful","",""
"2017/11/08 7:59:21 AM GMT+1","Employee","Male","More than 10 years","Yes, with children.","","","","","3-5 years","3-6","3-6","","","","no","Yes","Never","Never","Never","Most of the time","Most of the time","EUR 0-200","Yes","","1","Yes","","Yes","","Austrian","","Yes, myself","","","","","","1","Extended family (grandparents and other relatives);Families of my children's school/kindergarten friends;People from the same country or similar region","","No","","","Yes","","Language;Lack of network (people or other resources)","","Somewhat problematic.","Extremely serious. I can consider leaving because of this.","Serious.","A minor problem.","Don't care","Extremely helpful","Better to have","Reduce/restrict over hours and work loads so that people dont have to work on weekends or in the evenings when they are supposed to spend time with their family. ",""
"2017/11/08 8:09:33 AM GMT+1","Employee","Prefer not to say","More than 10 years","Yes, with children.","","","","","","7-12","3-6","","","","","Yes","Rarely","Most of the time","Rarely","From time to time","From time to time","EUR 200-400","Yes","","1","Yes","","Yes","","Austrian","","No","Yes, both","Yes, both","","","","2","Extended family (grandparents and other relatives);IIASA colleagues or their families;People living in the same neighborhood","","Yes, paid part-time","Less than 6 months","No","","","No barriers","","We don't have this problem.","A minor problem.","We don't have this problem.","A minor problem.","Don't care","Don't care","Don't care","",""
"2017/11/08 8:27:58 AM GMT+1","Employee","Male","3-5 years","Yes, with children.","","","","","1-3 years","0-2","","","","","no","Yes","From time to time","","","","Most of the time","EUR 0-200","Yes","","2","Yes","","Yes","","Austrian","","No","Yes, both","Yes, my partner","No","Lack of time;No incentives (e.g. short fixed-term contract, uncertainty in contract renewal, etc)","","5","Extended family (grandparents and other relatives);IIASA colleagues or their families;We hardly know anyone.","","No","","","Yes","","Language;Lack of network (people or other resources);Too small job market","","Somewhat problematic.","A minor problem.","Serious.","A minor problem.","Better to have","Better to have","Extremely helpful","",""
"2017/11/08 8:34:54 AM GMT+1","Employee","Male","3-5 years","I am single.","","","","","","","","","","","","","","","","","","","","","","","","","","","","","","","","","","","","","","","","","","","","","","","","Extremely helpful","Extremely helpful","Extremely helpful","",""
"2017/11/08 8:45:31 AM GMT+1","Employee","Female","More than 10 years","Yes, with children.","","","","","More than 10 years","7-12","3-6","","","","nu","Yes","Rarely","Never","Never","Most of the time","Most of the time","EUR 0-200","Yes","","","Yes","","Yes","","Austrian","","Yes, both","","","","","","1","Extended family (grandparents and other relatives);Families of my children's school/kindergarten friends;People living in the same neighborhood","","Yes, paid full-time","","No","","","","","We don't have this problem.","We don't have this problem.","We don't have this problem.","We don't have this problem.","Useless","Useless","Don't care","",""
"2017/11/08 8:48:29 AM GMT+1","Employee","Male","More than 10 years","Yes, with children.","","","","","Less than a year","0-2","","","","","","Yes","Most of the time","Most of the time","Rarely","Never","Most of the time","EUR 200-400","Yes","","1","Yes","","Yes","","Austrian","","Yes, both","","","","","","1","Extended family (grandparents and other relatives);IIASA colleagues or their families","","No","","","No","Yes","No barriers","","We don't have this problem.","A minor problem.","A minor problem.","A minor problem.","Extremely helpful","Extremely helpful","Better to have","",""
"2017/11/08 8:58:18 AM GMT+1","Employee","Female","5-10 years","Yes, I cohabit with a partner or other family members.","","","","","","","","","","","","","","","","","","","","","","","","","","Austrian","","No","Yes, both","Yes, both","","","","1","People from the same country or similar region","","Yes, paid full-time","Less than 6 months","Yes","","","No barriers","","We don't have this problem.","We don't have this problem.","A minor problem.","We don't have this problem.","Extremely helpful","Better to have","Better to have","",""
"2017/11/08 9:00:33 AM GMT+1","Employee","Female","More than 10 years","Yes, with children.","","","","","5-10 years","7-12","","","","","","Yes","","","","","Most of the time","EUR 600-1000","Yes","","1","Yes","","Yes","","Austrian","","Yes, myself","","","","","","2","Extended family (grandparents and other relatives);Families of my children's school/kindergarten friends","","no partner","","","","","","","","Somewhat problematic.","","","Better to have","Extremely helpful","","",""
"2017/11/08 9:02:43 AM GMT+1","Employee","Female","Less than a year","Yes, I cohabit with a partner or other family members.","","","","","","","","","","","","","","","","","","","","","","","","","","Austrian","","Yes, my partner","","","","","","4","Extended family (grandparents and other relatives)","","Yes, paid full-time","Less than 6 months","Yes","","","No barriers","","Somewhat problematic.","A minor problem.","We don't have this problem.","We don't have this problem.","Extremely helpful","Extremely helpful","Extremely helpful","","more social events out of hours and in Vienna"
"2017/11/08 9:05:43 AM GMT+1","Employee","Prefer not to say","5-10 years","Yes, with children.","","","","","1-3 years","0-2","","","","","","Yes","Never","Rarely","Most of the time","Rarely","Most of the time","EUR 400-600","Yes","","4","Yes","","No","Could only find private pediatrician. ","Austrian","I used to have both, but I lost Cigna when I moved to IIASA... because I have to be in the AT system as I was insured in AT before","Yes, my partner","","","","","","2","Extended family (grandparents and other relatives)","","Yes, paid full-time","6 months -  2 years","below qualifications","","","Lack of network (people or other resources);Too small job market","","A minor problem.","Somewhat problematic.","Somewhat problematic.","Extremely serious. I can consider leaving because of this.","Extremely helpful","Extremely helpful","Extremely helpful","daycare recommendations around IIASA (Tagesmutter, kindergarden)","organize once in a while an informal gathering for parents at IIASA and formal HR info sessions customized to families"
"2017/11/08 9:08:46 AM GMT+1","Employee","Female","Less than a year","Yes, I cohabit with a partner or other family members.","","","","","","","","","","","","","","","","","","","","","","","","","","Cigna","","No","No","No","No","Lack of time;No incentives (e.g. short fixed-term contract, uncertainty in contract renewal, etc)","Appoinment with medical professionals","3","IIASA colleagues or their families","","Yes, as a volunteer (unpaid)","","","Yes","","Lack of network (people or other resources);Lack of work permit;No barriers","","Somewhat problematic.","A minor problem.","Somewhat problematic.","Somewhat problematic.","Better to have","Better to have","Better to have","",""
"2017/11/08 9:10:52 AM GMT+1","Employee","Male","5-10 years","Yes, with children.","","","","","","7-12","","","","","No","Yes","Rarely","From time to time","Most of the time","","Most of the time","EUR 200-400","Yes","","1","Yes","","Yes","","Austrian","","No","Yes, both","Yes, both","","","","3","Families of my children's school/kindergarten friends;People from the same country or similar region","It is difficult to socialize with native Austrians","No","","","Yes","","Language;Lack of network (people or other resources)","","Somewhat problematic.","Somewhat problematic.","Serious.","A minor problem.","Extremely helpful","Extremely helpful","Extremely helpful","",""
"2017/11/08 9:59:37 AM GMT+1","Employee","Male","More than 10 years","Yes, I cohabit with a partner or other family members.","","","","","","","","","","","","","","","","","","","","","","","","","","Austrian","","Yes, both","","","","","","1","Extended family (grandparents and other relatives)","","Yes, paid full-time","Less than 6 months","No","","","No barriers","","We don't have this problem.","We don't have this problem.","We don't have this problem.","We don't have this problem.","Extremely helpful","Extremely helpful","Better to have","""Papamonat"" (unpaid leave for father during first weeks after birth). This is included in the ""Kollektivvertrag Aueruniversitre Forschung"".",""
"2017/11/08 10:00:34 AM GMT+1","Employee","Female","5-10 years","Yes, I cohabit with a partner or other family members.","","","","","","","","","","","","","","","","","","","","","","","","","","Combination of both","","No","Yes, myself","Yes, both","","","","1","IIASA colleagues or their families;People from the same country or similar region","","Yes, paid full-time","He was already working here when we met","Yes","","","","","We don't have this problem.","We don't have this problem.","We don't have this problem.","We don't have this problem.","","Extremely helpful","Extremely helpful","Regarding flextime, while the official hours of IIASA are 08:30-17:30, in reality some form of flextime is already unofficially in place in the team where I work. If by flextime it is meant that staff are required to clock in and out, I think that this should not be introduced. However, for those staff that do not have such an unofficial arrangement in place it is a little unfair.",""
"2017/11/08 10:04:52 AM GMT+1","Employee","Male","1-3 years","Yes, I cohabit with a partner or other family members.","","","","","","","","","","","","","","","","","","","","","","","","","","Cigna","Contraceptives are not covered.","No","No","No","Yes","","","3","IIASA colleagues or their families","Lack of time in and around our home in Vienna (long travel times to IIASA).","Yes, paid full-time","6 months -  2 years","Yes","","","Lack of network (people or other resources);Lack of work permit","","Somewhat problematic.","A minor problem.","We don't have this problem.","We don't have this problem.","Extremely helpful","Extremely helpful","Extremely helpful","Organizing after-work meet ups in Vienna (e.g., happy hours)","We do not yet have children, but I suspect that assisting with child care services would be of great import (e.g., an IIASA day care)."
"2017/11/08 10:31:11 AM GMT+1","Employee","Female","More than 10 years","Yes, with children.","","","","","More than 10 years","7-12","3-6","","","","","Yes","Rarely","Rarely","From time to time","Never","Most of the time","EUR 600-1000","Yes","","1","Yes","","Yes","","Austrian","","No","Yes, both","Yes, both","","","","1","Extended family (grandparents and other relatives);People living in the same neighborhood","","Yes, paid full-time","Less than 6 months","Yes","","","No barriers","","We don't have this problem.","We don't have this problem.","We don't have this problem.","We don't have this problem.","Don't care","Better to have","Better to have","",""
"2017/11/08 10:34:19 AM GMT+1","Employee","Female","3-5 years","Yes, with children.","","","","","1-3 years","0-2","","","","","no","No","From time to time","From time to time","Most of the time","","From time to time","EUR 0-200","No","did not apply yet","","Yes","","Yes","","Cigna","I would like to remove my daughter from the private insurance, and keep her only on my husband's public insurance, but I am not sure about finding a new doctor and how the procedure works - e.g. long wait times, what to do in emergencies, etc.","No","Yes, my partner","No","Yes","Lack of time;Finance","not understanding benefits available to us, missing opportunities, not making the best financial decisions","3","IIASA colleagues or their families;People from the same country or similar region","","Yes, paid part-time","","Yes","","","dependent on getting grants in small and competitive academic field","","A minor problem.","Serious.","Extremely serious. I can consider leaving because of this.","We don't have this problem.","Extremely helpful","Extremely helpful","","making childcare available at IIASA - not necessarily full time nursery, but something available for times of need - e.g. when partner is traveling, the kindergarten is closed, etc.","Given the long commute for most living in Vienna and not directly near the hauptbahnhoff, it would be very helpful to have more flextime or the ability to work from home to manage the demands of having small children - this is quite stressful and often leads to burnout"
"2017/11/08 10:43:29 AM GMT+1","Employee","Male","1-3 years","Yes, I cohabit with a partner or other family members.","","","","","","","","","","","","","","","","","","","","","","","","","","Cigna","","No","No","No","Yes","Finance;No incentives (e.g. short fixed-term contract, uncertainty in contract renewal, etc)","challenges with administrative procedure (e.g. police registration, car registration,...) ","4","IIASA colleagues or their families;People from the same country or similar region","","No","","","Yes","No","Language;Lack of network (people or other resources);Lack of work permit","","A minor problem.","Somewhat problematic.","Extremely serious. I can consider leaving because of this.","We don't have this problem.","Don't care","Useless","Better to have","More support in terms of working permits for Non-EU citizens and in language learning for partners ","We need a clear understanding of our residence situation in Austria (green card) for non-EU citizens, especially related to the right of working of partners in Austrian companies. "
"2017/11/08 10:44:02 AM GMT+1","Employee","Female","More than 10 years","Yes, with children.","","","","","","Over 18","13-17","","","","no","Yes","","From time to time","","","From time to time","EUR 0-200","No","We do receive it but from the UN where my husband is employed (so not from Austria)","","Yes","","Yes","","Combination of both","","No","Yes, both","Yes, both","","","","2","Families of my children's school/kindergarten friends;People living in the same neighborhood","","Yes, paid full-time","It was the other way round that my partner got a job in Vienna and for me it took 1 year to find one.","Yes","","","Lack of network (people or other resources);Too small job market;These answers refer to me and not to my partner since he was the one first finding a job in Vienna.","","We don't have this problem.","We don't have this problem.","A minor problem.","Somewhat problematic.","Extremely helpful","Extremely helpful","Better to have","My children are grown-up now but when I started working at IIASA they were 3 and 7 years old and frequently sick. I was informed by HR on my first day that I was entitled to take 5 days per year to care for sick family-members. For dual career couples with small children 5 sick days per year (10 days per year for two persons) is simply impossible as small children are sick and required to stay out of kindergarten much more often. It was a shock for us, since in Sweden where we came from you have up to 60 days per child per year that you can take to care for them when they are sick. Most people will of course not need that many days, but 5 sick days in total is just impossible! Somehow and with a lot of stress and sometimes having grandparents flown in (and my husband being asked by his employer if he doesn't have a wife!), we did manage. I would however wish for my younger colleagues with small children that some of that (unnecessary) stress is taken away for them and that they can stay home with children that are sick and have the possibility to work more often from home when required. It seems to me that the current (maybe it has now changed?) system is set up for a time when men went to work and women stayed home full-time with children. But if we want more women to have careers the system and its rules must also allow for it.    ","See my previous answers."
"2017/11/08 11:06:36 AM GMT+1","Employee","Female","More than 10 years","Yes, with children.","","","","","5-10 years","7-12","3-6","","","","No","Yes","From time to time","From time to time","Most of the time","From time to time","Most of the time","EUR 400-600","Yes","","1","Yes","","Yes","","Generali","","No","Yes, both","Yes, both","","","","3","Families of my children's school/kindergarten friends;People living in the same neighborhood","No","Yes, paid full-time","Less than 6 months","Yes","","","No barriers","","We don't have this problem.","A minor problem.","A minor problem.","A minor problem.","Extremely helpful","Extremely helpful","Better to have","Flextime & working from home can be really helpful if you don't have anyone else to rely on....",""
"2017/11/08 11:20:58 AM GMT+1","Employee","Prefer not to say","More than 10 years","Yes, with children.","","","","","3-5 years","3-6","0-2","","","","","Yes","Never","Never","From time to time","From time to time","Most of the time","EUR 0-200","Yes","","3","Yes","","Yes","","Austrian","","Yes, my partner","","","","","","1","Extended family (grandparents and other relatives);Families of my children's school/kindergarten friends;People from the same country or similar region;People living in the same neighborhood","","Yes, paid full-time","Less than 6 months","Yes","","","No barriers","","We don't have this problem.","We don't have this problem.","We don't have this problem.","We don't have this problem.","Extremely helpful","Extremely helpful","Better to have","",""
"2017/11/08 2:08:02 PM GMT+1","Employee","Male","More than 10 years","Yes, I cohabit with a partner or other family members.","","","","","","","","","","","","","","","","","","","","","","","","","","Austrian","","Yes, both","","","","","","2","Extended family (grandparents and other relatives);IIASA colleagues or their families","","Yes, paid part-time","Less than 6 months","Yes","","","No barriers","","We don't have this problem.","We don't have this problem.","We don't have this problem.","We don't have this problem.","Extremely helpful","Extremely helpful","Extremely helpful","",""
"2017/11/08 3:48:39 PM GMT+1","Employee","Female","More than 10 years","Yes, I cohabit with a partner or other family members.","","","","","","","","","","","","","","","","","","","","","","","","","","Austrian","","Yes, myself","","","","","","1","Extended family (grandparents and other relatives);IIASA colleagues or their families;People from the same country or similar region","","Yes, self-employed - informal business","","","","","No barriers","","We don't have this problem.","We don't have this problem.","We don't have this problem.","We don't have this problem.","Better not to have","Useless","Better not to have","",""
"2017/11/08 7:56:07 PM GMT+1","Employee","Female","Less than a year","Yes, with children.","","","","","Less than a year","0-2","7-12","13-17","","","No","No","From time to time","Most of the time","","","Most of the time","EUR 0-200","Yes","","","Yes","","Yes","","Cigna","The refunds policy of Cigna doesen't work for me.","No","No","No","Yes","Finance","Comunication with the school staff, doctors, neighbours...to shop.. To contract an insurance...","4","IIASA colleagues or their families","Language","No","","","Yes","","Language;Lack of network (people or other resources)","","A minor problem.","A minor problem.","Extremely serious. I can consider leaving because of this.","Somewhat problematic.","Extremely helpful","Extremely helpful","Better to have","An area for children at IIASA",""
"2017/11/08 8:38:50 PM GMT+1","Employee","Female","More than 10 years","Yes, I cohabit with a partner or other family members.","","","","","","","","","","","","","","","","","","","","","","","","","","Cigna","cigna is okay...","No","Yes, both","No","No","Lack of time","Difficult to integrate to the  society. Temporal, visiting feeling...","1","People living in the same neighborhood","","retired","","retired","","","","","A minor problem.","Somewhat problematic.","We don't have this problem.","","Extremely helpful","Extremely helpful","","longer job contract to us, one year is too short","longer job contracts so that we can settle down"
"2017/11/08 9:09:46 PM GMT+1","Employee","Male","1-3 years","Yes, with children.","","","","","1-3 years","3-6","3-6","","","","no","No","Rarely","From time to time","Most of the time","From time to time","Rarely","EUR 200-400","No","I still receive Canadian family allowance","","Yes","","No","We didn't have to visit a doctor","Cigna","","No","No","Yes, my partner","Yes","","Getting all kinds of information: English is not much used outside Vienna. All educators at the Kindergarten for instance speak only German","3","People from the same country or similar region;People met through Facebook groups","It is mostly difficult with Austrian, because of language","No","","","No","No","Language;Lack of work permit","","Somewhat problematic.","Somewhat problematic.","Serious.","Somewhat problematic.","Useless","Better to have","Better to have","","The main problem being language, there is no easy solution. I would have appreciated more material/opportunities to learn German at IIASA. "
"2017/11/09 11:56:31 AM GMT+1","Employee","Female","1-3 years","Yes, with children.","","","","","1-3 years","3-6","3-6","7-12","","","No","yes, but I am not in agreement with the official information I received about the length (As I know it is 10 days if I have a child under 12, while I was told only 5 days)","Rarely","Rarely","Most of the time","Never","Most of the time","over EUR 1000","No","The application process is so complicated that I have not completed it yet, and I have no help how to do it. ","5","Yes","","No","They have not been sick so far to go to a doctor. Officially they are registered with the family doctor, but I would also need a pediatritian, but have not had the time to look for one (there is none in Modling under the ""kassa"", only private!)","Austrian","I am still not convinced the choice was good, and help was limittedly effective.","No","Yes, both","No","Yes","","It is almost impossible to arrange official administration (e.g. inscription to kindergardens or the family allowance or the insurance)","4","Extended family (grandparents and other relatives);People from the same country or similar region","lack of time, and lack of real openness of Austrian people we know.","Yes, paid full-time","He started to work first, it took me about one year to find something suitable","Yes, but he started here :) I am not working so much in my field, which makes problems for me","","","Language;Too small job market","Indeed I was the one who had to look for employment, when my partner started to work in Austria. But - in spite of the fact that Austria supports part time jobs a lot - I could not find anything in my expertise, which would be interesting, allow to arrange the children properly, and would not have to commute hours. Furthermore, I am still afraid of the conditions, e.g. what would happen if my kids got sick for a longer time (broke their leg or chicken pox - which takes at least 6-8 weeks with three kids...).","Extremely serious. I can consider leaving because of this.","Serious.","Somewhat problematic.","A minor problem.","Extremely helpful","Extremely helpful","Extremely helpful","1) Promote/arrange shared child care, 2) provide much much more information about local systems, eg. schooling system (I have no idea how to choose a school after the Volksschule), health insurance (the classic problem of Cigna and Austrian), but also the additional insuarnces, administrative obligations (related to car, Anbeschieldung (?), Meldezettel, etc. 3) Extend the leave possibilities, even beyond legal obligation. These families are in a very difficult situation, and IIASA would like professionals to move here for a year, which makes it very hard to adapt with a child, and hard to have help especially within a few months or a year. The grandparents are far away, it is very hard to find a good babysitter, and anyway it is not good for the child, nor for the parent that somebody else takes care of the child when he/she is sick. This should be better respected. 4) Give parental leave opportunities, as in the EU institutions. One could get few weeks (in the EU it is 6 months...) that can be taken and used for travelling home, or just spending enough time with the kids. These leaves are normally not paid, or only at a very low salary (e.g. 400 euro per month), but the position is kept and extended. 5) Finally, it is not possible to live a relaxed life with 6 months-1 year contract. One needs to have children inscribed in kindergardens in Vienna at leat 1-2-3 years in advance!! But we do not know if we are here next year. 6) Connected to the 5th point, a much stronger assistance in administration would be needed. E.g. one needs to arrange the family benefits already at the beginning, but this could be managed by IIASA, either HR or a peer group.",""
"2017/11/09 12:11:55 PM GMT+1","Employee","Female","More than 10 years","Yes, with children.","","","","","More than 10 years","13-17","","","","","","Yes","Most of the time","","","Most of the time","Most of the time","","Yes","","1","Yes","","No","Always going to the general practitioner if needed.","Austrian","","Yes, both","","","","","","1","Extended family (grandparents and other relatives);Families of my children's school/kindergarten friends","","Yes, paid full-time","","Yes","","","","","We don't have this problem.","We don't have this problem.","We don't have this problem.","We don't have this problem.","Better not to have","Better not to have","","",""
"2017/11/09 12:14:29 PM GMT+1","Employee","Female","1-3 years","Yes, with children.","","","","","1-3 years","3-6","","","","","","No","Never","From time to time","Most of the time","From time to time","Most of the time","EUR 600-1000","Yes","","3","Yes","","Yes","","Austrian","","No","Yes, both","Yes, my partner","Yes","","Dealing with the Austrian Administration can be quite frustrating sometimes. They barely speak any English or they refuse to. Some procedures are very complex and our German is not enough. 
At restaurants it is also difficult. Waiters are often not too friendly and it gets very difficult to demand a proper service or give a proper answer when necessary.

","3","IIASA colleagues or their families;People living in the same neighborhood","For us is difficult to get to know other families, specially Austrians. There are cultural differences, but also we simply don't understand what are their habits with kids e.g. we go to the park, and we can't find many children. We don't speak properly the language and this turns into a barrier when trying to meet other parents at the kindergarten. We don't leave in Vienna, and I have the impression that Austrians living in Modling and Laxenburg is more conservative and perhaps less open to ""foreign"". 
We also struggle to find nice things to do with kids (activities, events, etc.) because we are not that fluent in German to spot always where and what to do. 

Most of the people that surround us has no kids, which limits our capacity to join many of the proposed activities (many are not doable for small kids). ","Yes, paid full-time","Less than 6 months","Yes","","","Language;Lack of network (people or other resources)","","Somewhat problematic.","We don't have this problem.","Somewhat problematic.","Somewhat problematic.","Extremely helpful","Extremely helpful","Extremely helpful","Information regarding childcare benefits, educational options, family activities","For IIASA newcomers and families it is important to better assist them with the administrative procedures they have to follow and provide them with sufficient information to make the appropriate choices (Austrian education and childcare system, family subsidies, car plate registration, more details on the benefits and disadvantages of the private versus the public insurance options e.g. maternity leave coverage, dentists, unemployment subsidies-  family discounts and cards)

A family club at IIASA might be a good idea. Or maybe that some of the existing clubs, develop activities which are child-inclusive. I would love to go hiking, skiing, skating, or do gardening  with my IIASA fellows in ways that I can bring my family and specially my children in. 

I ma not sure how this could work, but I have the feeling that a lot of the partners from IIASA staff that move to Austria struggle to settle down, specially of they don't' have a job and don't speak the language. Promoting social/cultural  activities, even during working hours, for those that are unemployed or don't work but have time, might be a good way to make everyone feel more accompanied and integrated. "
"2017/11/10 10:14:13 AM GMT+1","Employee","Female","Less than a year","Yes, I cohabit with a partner or other family members.","","","","","","","","","","","","","","","","","","","","","","","","","","Austrian","IIASA Human Resources did not give adequate information on where to find doctors, what insurance covers, and alternatives. This information is hard to find outside, in general and in English","No","Yes, my partner","No","Yes","","People are rude to foreigners. General doctor said when I asked for a regular check up: ""Do you go to every country to waste the insurance money on merely checkups?"" In my country, preventive culture is a must, and yes, checkups are mandatory. 
Also, doctor needs to know all the medical history, this is hard to do when not fluent in german","3","Extended family (grandparents and other relatives);IIASA colleagues or their families;People from the same country or similar region","","Yes, paid full-time","Less than 6 months","Yes","","","No barriers","","A minor problem.","A minor problem.","We don't have this problem.","We don't have this problem.","Extremely helpful","Extremely helpful","Extremely helpful","Organize family gatherings in IIASA (on weekends?) so that families can meet ",""
"2017/11/10 8:58:22 PM GMT+1","Employee","Male","5-10 years","Yes, with children.","","","","","5-10 years","7-12","3-6","","","","no","Yes","From time to time","Most of the time","From time to time","Rarely","From time to time","EUR 200-400","Yes","I currently receive it from IIASA, only from Jan. 2017; before that I inquired about it with HR, but only got the answer ""wrong passport"". BTW, my spouse works full-time at home.","","Yes","","Yes","","Cigna","","No","No","No","Yes","My spouse is learning; I have no time for that.","Even with basic oral communication capacity, understanding long policy documents is still impossible.","3","Families of my children's school/kindergarten friends;People from the same country or similar region","","No","","","No","No","Language;Lack of network (people or other resources);Lack of work permit;Too small job market","","Somewhat problematic.","Extremely serious. I can consider leaving because of this.","Serious.","Serious.","Extremely helpful","Extremely helpful","Better to have","",""
"2017/11/12 2:02:30 PM GMT+1","Employee","Male","Less than a year","Yes, with children.","","","","","Less than a year","13-17","13-17","7-12","7-12","","No","Yes","Rarely","From time to time","From time to time","Rarely","Most of the time","EUR 200-400","Yes","","3","Yes","","Yes","","Cigna","Almost no doctors/services with Cigna contract (lower fees agreed with Cigna) in Bezirk Moedling - everything in Vienna","No","Yes, both","Yes, both","","","","4","IIASA colleagues or their families;Families of my children's school/kindergarten friends","With 4 children social life in the evenings is rather limited","No","","","Yes","","Language;Lack of network (people or other resources);Too small job market;Language (not speaking perect German or English)","Recognition in Austria of education/work certificates from outside EU - no idea how to do it","Somewhat problematic.","A minor problem.","Serious.","Somewhat problematic.","Better to have","Better to have","Extremely helpful","Organize an IIASA circle for colleagues with children to plan joint trips or weekend programs, thus also knowing colleagues and their families better","Provide better understanding of Austrian school system (e.g. choices after primary school, matura etc.)
Provide more information about things in offer (e.g. we were never informed that there is a Niederoesterreich-Card to get discounts for families with children; activities for kids in Vienna etc.)"
"2017/11/15 10:05:00 AM GMT+1","Employee","Male","3-5 years","Yes, with children.","","","","","Less than a year","0-2","","","","","no","Yes","Never","From time to time","From time to time","From time to time","From time to time","","No","","","Yes","","Yes","","Austrian","","Yes, my partner","","","","","","1","Extended family (grandparents and other relatives);IIASA colleagues or their families;People from the same country or similar region","","Yes, paid part-time","","Yes","","","Too small job market","","We don't have this problem.","We don't have this problem.","We don't have this problem.","We don't have this problem.","Better to have","Better to have","Better to have","","Improving communication and follow-through between HR and employees on what family benefits one is entitled to."
"2017/11/15 4:00:48 PM GMT+1","Employee","Female","1-3 years","Yes, with children.","","","","","1-3 years","3-6","","","","","No","No","Never","Never","Most of the time","Never","From time to time","over EUR 1000","Yes","","","Yes","","No","Haven't gone to a local pediatrician yet. Instead, we have just been using the Embassy doctors for our daughter so far.","Covered by my husband's health insurance","","No","No","Yes, my partner","No","","I have mostly been able to communicate in English. I do wonder what IIASA families do if they are not able to communicate well in either German or English.","2","IIASA colleagues or their families;People from the same country or similar region","","Yes, paid full-time","He had a job when we moved.","Yes","","","","","A minor problem.","We don't have this problem.","We don't have this problem.","We don't have this problem.","Extremely helpful","Extremely helpful","Extremely helpful","Through my husband's employee, we were connected to a family ""sponsor"" who was already living in Vienna. We were able to communicate with them before we moved to discuss things like daycare, etc. This was in addition to my husband having a work ""sponsor"" as well. Currently, IIASA does not offer its employees either. I think our experience moving to Vienna was different than most IIASA families because we had all this additional support, which IIASA does not offer.","IIASA used to have a daycare. My understanding is it was closed because the employees were aging and it was not necessary anymore. I think this should be reconsidered. At least in Vienna, it is very difficult to find childcare for infants before one year. I realize that employees (especially mothers) can take a significant amount of time off, but not everyone might want to take all the offered time. Having an onsite daycare that takes infants at 3 months or 6 months could help women who want to come back to work earlier. Furthermore, employees remember fun stories have how employees from different nationalities would become friends because their children in daycare were friends. "
"2017/11/16 3:54:07 PM GMT+1","Employee","Female","1-3 years","I am single.","","","","","","","","","","","","","","","","","","","","","","","","","","","","","","","","","","","","","","","","","","","","","","","","Extremely helpful","Extremely helpful","Better to have","",""
"2017/11/16 3:54:43 PM GMT+1","Employee","Female","5-10 years","Yes, I cohabit with a partner or other family members.","","","","","","","","","","","","","","","","","","","","","","","","","","Austrian","GKK plus zusatzversicherung ","Yes, my partner","","","","","","1","Extended family (grandparents and other relatives);People from the same country or similar region;People living in the same neighborhood","","Yes, paid full-time","Less than 6 months","Yes","","","No barriers","","We don't have this problem.","We don't have this problem.","We don't have this problem.","We don't have this problem.","Better to have","Better to have","Better to have","",""
"2017/11/16 3:54:52 PM GMT+1","Employee","Female","Less than a year","I am single.","","","","","","","","","","","","","","","","","","","","","","","","","","","","","","","","","","","","","","","","","","","","","","","","Don't care","Better to have","Better to have","",""
"2017/11/16 3:55:47 PM GMT+1","Guest","Female","Less than a year","I am single.","","","","","","","","","","","","","","","","","","","","","","","","","","","","","","","","","","","","","","","","","","","","","","","","Extremely helpful","Don't care","Don't care","",""
"2017/11/16 3:57:13 PM GMT+1","Employee","Male","3-5 years","I am single.","","","","","","","","","","","","","","","","","","","","","","","","","","","","","","","","","","","","","","","","","","","","","","","","Better to have","Better to have","Better to have","",""
"2017/11/16 3:57:45 PM GMT+1","Employee","Female","More than 10 years","Yes, I cohabit with a partner or other family members.","","","","","","","","","","","","","","","","","","","","","","","","","","Austrian","","Yes, both","","","","","","1","Extended family (grandparents and other relatives);People from the same country or similar region","","Yes, paid full-time","Less than 6 months","Yes","","","No barriers","","A minor problem.","A minor problem.","We don't have this problem.","We don't have this problem.","Extremely helpful","Better to have","Better to have","",""
"2017/11/16 4:00:07 PM GMT+1","Employee","Female","3-5 years","Yes, I cohabit with a partner or other family members.","","","","","","","","","","","","","","","","","","","","","","","","","","Cigna","","No","Yes, my partner","Yes, my partner","Yes","Lack of time","","3","IIASA colleagues or their families","","Yes, paid full-time","we both got a job in Austria","Yes","","","Language;Lack of network (people or other resources);We did not search for a job.","","Serious.","A minor problem.","Serious.","Serious.","Better to have","Better not to have","Better to have","",""
"2017/11/16 4:00:29 PM GMT+1","Employee","Male","1-3 years","Yes, with children.","","","","","Less than a year","0-2","","","","","no","Yes","From time to time","From time to time","From time to time","Never","Rarely","EUR 0-200","Yes","","","Yes","","Yes","","Cigna","","No","No","No","No","Lack of time;No incentives (e.g. short fixed-term contract, uncertainty in contract renewal, etc)","Communication difficulties in rare contexts.","2","IIASA colleagues or their families;Long-term friends from Austria.","","Yes, paid part-time","brought job to Austria","Yes","","","We did not search for a job.","","A minor problem.","A minor problem.","Somewhat problematic.","We don't have this problem.","Extremely helpful","Extremely helpful","Don't care","",""
"2017/11/16 4:00:49 PM GMT+1","Employee","Male","Less than a year","I am single.","","","","","","","","","","","","","","","","","","","","","","","","","","","","","","","","","","","","","","","","","","","","","","","","Extremely helpful","Extremely helpful","Extremely helpful","",""
"2017/11/16 4:07:55 PM GMT+1","Employee","Male","Less than a year","Yes, I cohabit with a partner or other family members.","","","","","","","","","","","","","","","","","","","","","","","","","","Cigna","","No","No","No","Yes","Lack of time;Finance","","3","People from the same country or similar region","Language","No","","","","No","Language;Lack of work permit","she hopes but it is really hard because iiasa employees families are not allowed to work here and specially we are not from EU countries","","Extremely serious. I can consider leaving because of this.","Extremely serious. I can consider leaving because of this.","","Extremely helpful","Extremely helpful","","",""
"2017/11/16 4:31:32 PM GMT+1","Employee","Male","3-5 years","Yes, I cohabit with a partner or other family members.","","","","","","","","","","","","","","","","","","","","","","","","","","Cigna","I had to many cases of unprofessional treatment from doctors, e.g., wrong diagnosis and so on. I do not know how to complain about it.","No","No","Yes, my partner","Yes","No incentives (e.g. short fixed-term contract, uncertainty in contract renewal, etc)","","3","IIASA colleagues or their families;People from the same country or similar region","","No","","","Yes","","Lack of network (people or other resources);Lack of work permit","","Serious.","A minor problem.","Extremely serious. I can consider leaving because of this.","","Better to have","Better to have","Extremely helpful","1. IIASA can provide some unpaid work experience for family members and provide them reccomendations
2. IIASA have to fight for work permits for family members = real work permits, not permits for applying for permits!!!!",""
"2017/11/16 4:31:56 PM GMT+1","Employee","Female","3-5 years","Yes, with children.","","","","","","0-2","3-6","","","","","Yes","Most of the time","","","","","EUR 200-400","Yes","","2","Yes","","Yes","","Combination of both","","No","Yes, both","Yes, myself","Yes","","","1","Families of my children's school/kindergarten friends;People from the same country or similar region","","Yes, self-employed - informal business","","","","","Too small job market","","We don't have this problem.","A minor problem.","A minor problem.","A minor problem.","Useless","Useless","Useless","",""
"2017/11/16 5:02:08 PM GMT+1","Employee","Male","3-5 years","single parent of a 2 year old","NA","Divorced","","NA","","","","","","","","","","","","","","","","","","","","","","","","","","","","","","","","","","","","","","","","","","","","Extremely helpful","Extremely helpful","Better to have","",""
"2017/11/17 9:41:31 AM GMT+1","Employee","Male","More than 10 years","Yes, with children.","","","","","","7-12","7-12","","","","","No","Never","Never","Most of the time","Never","From time to time","EUR 400-600","Yes","","","Yes","","Yes","","Austrian","","Yes, my partner","","","","","","1","Families of my children's school/kindergarten friends;People living in the same neighborhood","","Yes, paid full-time","","Yes","","","No barriers","","We don't have this problem.","We don't have this problem.","We don't have this problem.","We don't have this problem.","Extremely helpful","Extremely helpful","","get a baby sitter so that you can go out together without kids once in a while","As a researcher at IIASA, the flexibility in working times makes it much easier to handle family business than for most other jobs"
"2017/11/17 11:07:29 AM GMT+1","Employee","Male","More than 10 years","Yes, with children.","","","","","1-3 years","0-2","","","","","","Yes","Rarely","From time to time","","From time to time","Most of the time","EUR 0-200","Yes","","1","Yes","","Yes","","Austrian","","Yes, both","","","","","","2","Extended family (grandparents and other relatives)","","No","","","No","Yes","","","A minor problem.","We don't have this problem.","Somewhat problematic.","We don't have this problem.","Better to have","Better to have","Better to have","",""
"2017/11/17 2:09:07 PM GMT+1","Employee","Male","Less than a year","Yes, I cohabit with a partner or other family members.","","","","","","","","","","","","","","","","","","","","","","","","","","Cigna","I would have liked more organized information comparing the pros and cons public versus private insurance, ideally in written form (a table?) in order to make the right choice. In particular, a comparison of projected monthly costs for an employee, emplyee + spouse, family of 3, 4, etc. would have been very helpful, as would some information about the coverage vs. cost (to me) of various services (standard doctor's visit, X-ray, MRI, ER visit, etc.). Another important comparison would be the availability of standard medical services in English, in Vienna, Moedling and other places in the area, both with private insurance and with the public system. One could argue that the employee could/should look into whatever they're interested, but most people need very similar information, so there's lots of wasted effort (and employees who've just moved here have  lots of other things to take care of!). It'd be much more efficient to have this done once and for all, or updated once in a year or so, ideally by someone who can speak German and knows their way around the medical system here. ","No","No","No","Yes","","TEverything takes more time than I'm used to, and is much more complicated. Anything from finding a doctor I can understand, to finding an apartment, car, etc. Even using public transit can be confusing, and I sometimes don't end up where I want (or get there later... for example, once the bus driver tells me it's not the right bus... though I later discovered it was, after I took a different bus to get to my destination!) It's all difficult, down to the smallest things, like when I get charged the wrong price at the supermarket and I don't know how to point it out. ","5","IIASA colleagues or their families;We hardly know anyone.","It's hard to make friends when you can't have a proper conversation. It's hard to join clubs or activity groups when the activities are conducted in German. ","Yes, self-employed - formal business","","","","","Language;Lack of network (people or other resources);Lack of work permit;Cultural differences;We did not search for a job.","It doesn't make sense for us to look for a job until we get a work permit. ","Somewhat problematic.","We don't have this problem.","Extremely serious. I can consider leaving because of this.","We don't have this problem.","Extremely helpful","Extremely helpful","Better to have","The short-term (1 year) contracts typical at IIASA are extremely problematical 18 months would be a tremendous improvement. OF course, this has been mentioned before, but housing is typically either 15+ months, or short term, fully furnished and expensive. Even getting home internet is an issue: every single company I called wanted me to sign a contract (nobody had month-to-month service). We're currently using our phones as wifi hotspots, but it's both expensive, inconvenient, and somewhat unreliable, because 4G reception is not great where we live. ",""
"2017/11/18 11:37:58 AM GMT+1","Employee","Male","5-10 years","Yes, with children.","","","","","5-10 years","7-12","3-6","","","","No","No","From time to time","From time to time","From time to time","Never","From time to time","EUR 200-400","Yes","Only possible due to IIASA STAC in 2017 onwards. Thanks to STAC.","","Yes","","Yes","","Cigna","","No","No","Yes, my partner","No","Lack of time","It's difficult to socialize.","3","Families of my children's school/kindergarten friends;People from the same country or similar region","","No","","","Yes","","Lack of network (people or other resources);Lack of work permit","Lack of work permit is a key reason. Moreover, you need a good network to find a job. Even when my wife applied for general positions at IIASA it was told that IIASA does not encourage spouse to work at IIASA which is not true always. It varies from case to case. ","A minor problem.","Somewhat problematic.","Serious.","Somewhat problematic.","Extremely helpful","Extremely helpful","Extremely helpful","It would be nice if IIASA also consider the job applications of IIASA spouse (without work permit) based on their qualifications. The former HR Manager said it is against the IIASA policy while his wife was also employed at IIASA. I think this would be helpful only if it would be done in a transparent manner not on specific cases.  ","Some of the issues are widely known a) short-term contracts; b) no work permit of IIASA spouse; c) no clear policy on contract extension (some gets three year and some gets one year extension); d) very high difference in salary despite the similar educational qualifications and professional experience; e) no clear policy when someone is promoted to the next level (i. e. Senior Research Scholar). All the above-mentioned issues directly and indirectly affect family well beings. "
"2017/11/21 5:01:29 PM GMT+1","Employee","Male","5-10 years","Yes, with children.","","","","","1-3 years","0-2","","","","","My child stays at home involuntarily, in the sense that her parents make her!!!","Yes","From time to time","Rarely","From time to time","Rarely","From time to time","EUR 200-400","Yes","","2","Yes","","Yes","","Cigna","","No","No","Yes, both","","","","2","Non-IIASA families whom we know from various circles","Austrians - not the most open and accepting people on Earth","No","","","No","Yes","Lack of work permit;Too small job market","","Somewhat problematic.","A minor problem.","Extremely serious. I can consider leaving because of this.","Somewhat problematic.","Extremely helpful","Extremely helpful","Don't care","Give all upper-management staff (directors, program directors) some children so that they can empathize with those employees who do have them. The culture of IIASA is such that work comes first -- or at least that's the first thought in most people's minds, both for young, childless employees and older employees who have decided not to have children.","See my previous answer about upper-management staff.  It is much appreciated what STAC is trying to do here with respect to family well-being.  But some things are so ingrained at IIASA that they will undoubtedly be difficult, if not impossible, to change.  Doesn't mean we shouldn't try though.  A cynic would say that IIASA is as productive as it is precisely because family issues take a back seat to work output and that people who come to IIASA better know what they're signing up for.  From what I hear, things were even worse along this dimension during the romanticized glory days of IIASA in the 70s and 80s.  It is for these reasons that many people leave IIASA after a certain period of time."
"2017/12/12 10:46:06 PM GMT+1","Employee","Male","1-3 years","Yes, with children.","","","","","Less than a year","0-2","","","","","","Yes","From time to time","Most of the time","Most of the time","Rarely","Most of the time","EUR 200-400","Yes","","","Yes","","Yes","","Cigna","","No","No","Yes, my partner","No","Lack of time","At a reception of a hospital, at Rathaus for Meldezettel, at a customer call of post service, documents from an energy companies etc.","1","IIASA colleagues or their families;People from the same country or similar region;People living in the same neighborhood","","No","","","not now, but my partner will look for for a job","because of baby","Language;Lack of work permit","","A minor problem.","Somewhat problematic.","Serious.","Somewhat problematic.","Extremely helpful","Extremely helpful","Better to have","",""